{"cameraMode":{"drawMode":0,"name":"Shaded","section":"Shading Mode"},"sceneLighting":true,"audioPlay":false,"sceneViewState":{"m_AlwaysRefresh":false,"showFog":true,"showSkybox":false,"showFlares":true,"showImageEffects":true,"showParticleSystems":true,"showVisualEffectGraphs":true,"m_FxEnabled":true},"in2DMode":false,"pivot":{"x":-107.75631713867188,"y":18.094999313354493,"z":-93.67121887207031},"rotation":{"x":0.025330567732453347,"y":0.9212976694107056,"z":-0.060894161462783816,"w":0.38322940468788149},"size":1.7677669525146485,"orthographic":true}