{"cameraMode":{"drawMode":0,"name":"Shaded","section":"Shading Mode"},"sceneLighting":true,"audioPlay":false,"sceneViewState":{"m_AlwaysRefresh":false,"showFog":true,"showSkybox":false,"showFlares":true,"showImageEffects":true,"showParticleSystems":true,"showVisualEffectGraphs":true,"m_FxEnabled":true},"in2DMode":false,"pivot":{"x":-107.75631713867188,"y":18.094999313354493,"z":-93.67121887207031},"rotation":{"x":0.10499410331249237,"y":0.45642727613449099,"z":-0.05434112250804901,"w":0.8818724155426025},"size":1.8166998624801636,"orthographic":true}