{"cameraMode":{"drawMode":0,"name":"Shaded","section":"Shading Mode"},"sceneLighting":true,"audioPlay":false,"sceneViewState":{"m_AlwaysRefresh":false,"showFog":true,"showSkybox":true,"showFlares":true,"showImageEffects":true,"showParticleSystems":true,"showVisualEffectGraphs":true,"m_FxEnabled":true},"in2DMode":false,"pivot":{"x":1.3404253721237183,"y":11.961377143859864,"z":12.803767204284668},"rotation":{"x":0.2639389932155609,"y":-0.36516377329826357,"z":0.10877060145139694,"w":0.8860940337181091},"size":24.837217330932618,"orthographic":true}