{"cameraMode":{"drawMode":0,"name":"Shaded","section":"Shading Mode"},"sceneLighting":true,"audioPlay":false,"sceneViewState":{"m_AlwaysRefresh":false,"showFog":true,"showSkybox":true,"showFlares":true,"showImageEffects":true,"showParticleSystems":true,"showVisualEffectGraphs":true,"m_FxEnabled":true},"in2DMode":false,"pivot":{"x":94.20613098144531,"y":-3.8897933959960939,"z":114.28401184082031},"rotation":{"x":0.31960639357566836,"y":-0.3427050709724426,"z":0.12525220215320588,"w":0.8744837641716003},"size":43.81781768798828,"orthographic":true}