{"cameraMode":{"drawMode":0,"name":"Shaded","section":"Shading Mode"},"sceneLighting":true,"audioPlay":false,"sceneViewState":{"m_AlwaysRefresh":false,"showFog":true,"showSkybox":true,"showFlares":true,"showImageEffects":true,"showParticleSystems":true,"showVisualEffectGraphs":true,"m_FxEnabled":true},"in2DMode":false,"pivot":{"x":34.099998474121097,"y":3.9839999675750734,"z":-23.399999618530275},"rotation":{"x":-0.08680744469165802,"y":0.04391222074627876,"z":-0.0038257273845374586,"w":-0.9952601790428162},"size":2.58817982673645,"orthographic":true}