{"cameraMode":{"drawMode":0,"name":"Shaded","section":"Shading Mode"},"sceneLighting":true,"audioPlay":false,"sceneViewState":{"m_AlwaysRefresh":false,"showFog":true,"showSkybox":true,"showFlares":true,"showImageEffects":true,"showParticleSystems":true,"showVisualEffectGraphs":true,"m_FxEnabled":true},"in2DMode":false,"pivot":{"x":-71.13999938964844,"y":4.6310224533081059,"z":-32.849998474121097},"rotation":{"x":0.19012796878814698,"y":-0.032391514629125598,"z":0.00627651484683156,"w":0.9812045693397522},"size":0.7230530977249146,"orthographic":true}