{"cameraMode":{"drawMode":0,"name":"Shaded","section":"Shading Mode"},"sceneLighting":true,"audioPlay":false,"sceneViewState":{"m_AlwaysRefresh":false,"showFog":true,"showSkybox":false,"showFlares":true,"showImageEffects":true,"showParticleSystems":true,"showVisualEffectGraphs":true,"m_FxEnabled":true},"in2DMode":false,"pivot":{"x":-107.8255615234375,"y":18.172161102294923,"z":-93.32038116455078},"rotation":{"x":-0.018900427967309953,"y":0.9587542414665222,"z":-0.06567893177270889,"w":-0.27590519189834597},"size":0.916786789894104,"orthographic":true}