{"cameraMode":{"drawMode":0,"name":"Shaded","section":"Shading Mode"},"sceneLighting":true,"audioPlay":false,"sceneViewState":{"m_AlwaysRefresh":false,"showFog":true,"showSkybox":true,"showFlares":true,"showImageEffects":true,"showParticleSystems":true,"showVisualEffectGraphs":true,"m_FxEnabled":true},"in2DMode":false,"pivot":{"x":17.012353897094728,"y":66.97979736328125,"z":68.43666076660156},"rotation":{"x":-0.027563508599996568,"y":0.9320188164710999,"z":-0.3540096580982208,"w":-0.07256822288036347},"size":90.76477813720703,"orthographic":true}