{"cameraMode":{"drawMode":0,"name":"Shaded","section":"Shading Mode"},"sceneLighting":true,"audioPlay":false,"sceneViewState":{"m_AlwaysRefresh":false,"showFog":true,"showSkybox":true,"showFlares":true,"showImageEffects":true,"showParticleSystems":true,"showVisualEffectGraphs":true,"m_FxEnabled":true},"in2DMode":false,"pivot":{"x":-40.310699462890628,"y":-31.140716552734376,"z":114.94688415527344},"rotation":{"x":0.12594246864318849,"y":-0.17901936173439027,"z":0.02311367727816105,"w":0.9754816293716431},"size":83.83917236328125,"orthographic":false}