{"cameraMode":{"drawMode":0,"name":"Shaded","section":"Shading Mode"},"sceneLighting":true,"audioPlay":false,"sceneViewState":{"m_AlwaysRefresh":false,"showFog":true,"showSkybox":true,"showFlares":true,"showImageEffects":true,"showParticleSystems":true,"showVisualEffectGraphs":true,"m_FxEnabled":true},"in2DMode":false,"pivot":{"x":-22.97934913635254,"y":27.848594665527345,"z":-31.518573760986329},"rotation":{"x":0.1702517867088318,"y":0.42974820733070376,"z":-0.08287183195352555,"w":0.8828733563423157},"size":117.62548065185547,"orthographic":true}