{"cameraMode":{"drawMode":0,"name":"Shaded","section":"Shading Mode"},"sceneLighting":true,"audioPlay":false,"sceneViewState":{"m_AlwaysRefresh":false,"showFog":true,"showSkybox":true,"showFlares":true,"showImageEffects":true,"showParticleSystems":true,"showVisualEffectGraphs":true,"m_FxEnabled":true},"in2DMode":false,"pivot":{"x":-2.9973106384277345,"y":61.825904846191409,"z":107.29974365234375},"rotation":{"x":0.23354654014110566,"y":0.0728483572602272,"z":-0.01754056289792061,"w":0.9694616794586182},"size":132.28298950195313,"orthographic":true}