{"cameraMode":{"drawMode":0,"name":"Shaded","section":"Shading Mode"},"sceneLighting":true,"audioPlay":false,"sceneViewState":{"m_AlwaysRefresh":false,"showFog":true,"showSkybox":true,"showFlares":true,"showImageEffects":true,"showParticleSystems":true,"showVisualEffectGraphs":true,"m_FxEnabled":true},"in2DMode":false,"pivot":{"x":0.49999237060546877,"y":59.35212707519531,"z":127.31283569335938},"rotation":{"x":0.21448257565498353,"y":0.23608273267745973,"z":-0.053511377424001697,"w":0.9462558627128601},"size":102.50498962402344,"orthographic":true}