{"cameraMode":{"drawMode":0,"name":"Shaded","section":"Shading Mode"},"sceneLighting":true,"audioPlay":false,"sceneViewState":{"m_AlwaysRefresh":false,"showFog":true,"showSkybox":true,"showFlares":true,"showImageEffects":true,"showParticleSystems":true,"showVisualEffectGraphs":true,"m_FxEnabled":true},"in2DMode":false,"pivot":{"x":11.910989761352539,"y":13.19015884399414,"z":183.7373809814453},"rotation":{"x":0.21103709936141969,"y":0.10533595085144043,"z":-0.022880109027028085,"w":0.9715308547019959},"size":84.8386001586914,"orthographic":true}