{"cameraMode":{"drawMode":0,"name":"Shaded","section":"Shading Mode"},"sceneLighting":true,"audioPlay":false,"sceneViewState":{"m_AlwaysRefresh":false,"showFog":true,"showSkybox":true,"showFlares":true,"showImageEffects":true,"showParticleSystems":true,"showVisualEffectGraphs":true,"m_FxEnabled":true},"in2DMode":false,"pivot":{"x":-25.612964630126954,"y":40.962615966796878,"z":123.66397094726563},"rotation":{"x":0.40371713042259219,"y":0.14045527577400208,"z":-0.06287860125303269,"w":0.9018605351448059},"size":112.94844055175781,"orthographic":false}