{"cameraMode":{"drawMode":0,"name":"Shaded","section":"Shading Mode"},"sceneLighting":false,"audioPlay":false,"sceneViewState":{"m_AlwaysRefresh":false,"showFog":true,"showSkybox":false,"showFlares":true,"showImageEffects":true,"showParticleSystems":true,"showVisualEffectGraphs":true,"m_FxEnabled":true},"in2DMode":false,"pivot":{"x":0.7613825798034668,"y":-1.7394685745239258,"z":2.4029340744018556},"rotation":{"x":0.19160719215869904,"y":0.2656421661376953,"z":-0.053960856050252917,"w":0.9433016180992127},"size":4.200479507446289,"orthographic":false}